id,first_name,last_name,email,gender,ip_address
1,Kirstyn,Hunnybun,khunnybun0@sun.com,Female,251.37.93.216
2,Maxim,Espie,mespie1@phoca.cz,Female,125.102.118.57
3,Lauri,Hawker,lhawker2@weather.com,Female,48.164.50.247
4,Helen-elizabeth,Bernardini,hbernardini3@seattletimes.com,Male,239.195.249.249
5,Niel,Sloegrave,nsloegrave4@google.cn,Male,95.100.178.76
6,Leigha,Lintall,llintall5@domainmarket.com,Male,111.71.10.135
7,Rubina,Goatman,rgoatman6@miitbeian.gov.cn,Female,7.153.123.130
8,Saree,Rustedge,srustedge7@dyndns.org,Female,9.245.149.240
9,Natalina,Bragg,nbragg8@yellowpages.com,Female,215.105.44.83
10,Turner,Meriel,tmeriel9@illinois.edu,Male,139.221.215.239
11,Gibby,Snaden,gsnadena@diigo.com,Female,57.191.253.241
12,Cyndy,Colquete,ccolqueteb@eepurl.com,Female,195.50.65.163
13,Paule,Tuson,ptusonc@webs.com,Female,63.71.81.15
14,Obed,Matuschek,omatuschekd@sakura.ne.jp,Male,163.134.96.93
15,Jeannette,Offill,joffille@techcrunch.com,Female,204.42.203.217
16,Arvie,Pavlovic,apavlovicf@marriott.com,Male,133.68.198.138
17,Annis,Pattinson,apattinsong@php.net,Female,163.30.244.23
18,Rubetta,Harbidge,rharbidgeh@cornell.edu,Male,172.87.87.42
19,Shaw,Bohlmann,sbohlmanni@tripod.com,Female,69.137.118.221
20,Cristine,Tyne,ctynej@reuters.com,Genderfluid,214.241.163.237
21,Denys,Klagge,dklaggek@blogtalkradio.com,Male,53.246.108.224
22,Loralee,Kightly,lkightlyl@weather.com,Male,107.52.12.34
23,Olly,Crumley,ocrumleym@mac.com,Female,5.213.185.191
24,Rosana,Shetliff,rshetliffn@exblog.jp,Male,13.59.190.85
25,Trina,Rabjohns,trabjohnso@bing.com,Female,178.187.42.208
26,Missie,Conerding,mconerdingp@patch.com,Male,29.234.252.209
27,Lotta,Lower,llowerq@ameblo.jp,Female,11.142.198.88
28,Angelia,Rable,arabler@imageshack.us,Male,54.195.106.171
29,Noemi,Gioani,ngioanis@jalbum.net,Genderfluid,76.147.190.235
30,Orly,McGray,omcgrayt@addtoany.com,Agender,171.145.66.114
31,Basile,Lamboll,blambollu@1und1.de,Male,210.134.179.45
32,Bryant,Ricoald,bricoaldv@feedburner.com,Male,134.115.36.39
33,Emylee,Lambell,elambellw@soundcloud.com,Male,209.181.180.172
34,Angelica,Raveau,araveaux@istockphoto.com,Male,100.117.68.59
35,Millard,Ducaen,mducaeny@ameblo.jp,Polygender,197.182.105.4
36,Sven,Basey,sbaseyz@over-blog.com,Male,104.22.128.249
37,Cookie,Segar,csegar10@chronoengine.com,Male,170.159.33.212
38,Holt,Scown,hscown11@marriott.com,Male,13.220.102.158
39,Stafani,Sheaber,ssheaber12@shutterfly.com,Male,73.121.179.220
40,Odilia,Lansberry,olansberry13@prnewswire.com,Male,48.25.122.110
41,Timothy,Van der Kruijs,tvanderkruijs14@ycombinator.com,Female,83.101.116.123
42,Kalindi,Carlile,kcarlile15@blog.com,Male,114.115.233.58
43,Kayla,Jahnel,kjahnel16@gmpg.org,Female,11.41.78.130
44,Toiboid,Gaven,tgaven17@soup.io,Male,27.131.166.219
45,Hyacinth,Cottle,hcottle18@princeton.edu,Female,129.196.19.157
46,Augy,Mountstephen,amountstephen19@narod.ru,Male,116.125.152.188
47,Keelby,Gomersal,kgomersal1a@fotki.com,Male,70.23.250.25
48,Gabbey,Parkin,gparkin1b@spotify.com,Female,146.31.251.251
49,Bob,Sellors,bsellors1c@sphinn.com,Female,222.134.252.117
50,Far,Venditto,fvenditto1d@wiley.com,Genderqueer,58.135.47.147
51,Randell,Jardine,rjardine1e@sina.com.cn,Male,122.171.22.250
52,Adena,Dugget,adugget1f@deliciousdays.com,Male,254.105.8.237
53,Heda,Velasquez,hvelasquez1g@shutterfly.com,Female,224.38.132.226
54,Eddy,Aizkovitch,eaizkovitch1h@digg.com,Female,183.134.22.25
55,Floria,Garrals,fgarrals1i@furl.net,Female,146.51.14.80
56,Morgun,Ivakhin,mivakhin1j@tuttocitta.it,Bigender,118.192.246.247
57,Kerwinn,Klimus,kklimus1k@wisc.edu,Female,39.102.184.10
58,Ollie,Winkless,owinkless1l@telegraph.co.uk,Female,39.24.232.20
59,Inglis,Standall,istandall1m@webnode.com,Female,232.216.172.223
60,Lowrance,Orsay,lorsay1n@desdev.cn,Male,162.230.95.39
61,Daria,Eykel,deykel1o@google.com.hk,Bigender,29.26.238.105
62,Anett,Gagg,agagg1p@scribd.com,Female,253.90.91.52
63,Port,Burg,pburg1q@youtube.com,Female,126.7.84.167
64,Melosa,Neilands,mneilands1r@zimbio.com,Male,173.7.73.178
65,Nicol,MacMenemy,nmacmenemy1s@delicious.com,Male,177.213.194.143
66,Darcee,Mellenby,dmellenby1t@printfriendly.com,Male,7.64.248.178
67,Enoch,Acton,eacton1u@mashable.com,Genderfluid,7.22.194.156
68,Emlen,Lonsbrough,elonsbrough1v@technorati.com,Female,238.191.225.76
69,Chelsie,Chetwind,cchetwind1w@webs.com,Female,123.175.25.117
70,Hank,Whistlecraft,hwhistlecraft1x@bing.com,Male,76.222.33.219
71,Kathlin,Sheen,ksheen1y@so-net.ne.jp,Female,63.40.57.45
72,Viole,Docket,vdocket1z@dailymotion.com,Male,63.237.185.40
73,Bobby,Chazette,bchazette20@4shared.com,Male,1.6.139.75
74,Kelvin,Folliss,kfolliss21@chron.com,Male,165.1.106.186
75,Even,Boggs,eboggs22@furl.net,Agender,205.36.179.40
76,Cleon,Newens,cnewens23@webeden.co.uk,Female,180.85.123.135
77,Roldan,Wooller,rwooller24@nhs.uk,Male,94.124.7.71
78,Duane,Caffery,dcaffery25@networksolutions.com,Male,146.1.146.123
79,Early,Haensel,ehaensel26@e-recht24.de,Female,58.163.88.48
80,Ricard,Rowsell,rrowsell27@4shared.com,Male,199.40.11.31
81,Lida,Pays,lpays28@hc360.com,Female,190.34.38.163
82,Demetris,Guillou,dguillou29@discovery.com,Genderqueer,142.82.96.153
83,Isabella,Mougin,imougin2a@ox.ac.uk,Female,161.203.156.180
84,Evita,Gogarty,egogarty2b@163.com,Genderfluid,114.252.70.95
85,Isidora,Millen,imillen2c@bandcamp.com,Male,158.247.1.170
86,Fernandina,Donson,fdonson2d@zdnet.com,Female,240.163.53.254
87,Tynan,Gloyens,tgloyens2e@gmpg.org,Female,102.177.232.172
88,Felita,Woodyatt,fwoodyatt2f@paginegialle.it,Female,174.206.101.73
89,Rachelle,Longmuir,rlongmuir2g@apple.com,Male,199.94.183.72
90,Seka,Gunton,sgunton2h@cloudflare.com,Female,153.250.13.180
91,Ahmed,Starbuck,astarbuck2i@chronoengine.com,Female,169.51.217.178
92,Andres,Blackader,ablackader2j@mlb.com,Male,187.79.66.38
93,Tucky,Kinnane,tkinnane2k@tuttocitta.it,Male,19.168.222.235
94,Meagan,Fenton,mfenton2l@samsung.com,Male,133.164.29.92
95,Levey,Himsworth,lhimsworth2m@hibu.com,Female,200.60.145.74
96,Pauli,Bimson,pbimson2n@technorati.com,Male,3.169.7.1
97,Lynea,Casement,lcasement2o@smugmug.com,Female,103.43.154.68
98,Lonnie,Spedroni,lspedroni2p@wired.com,Female,70.157.156.184
99,Helen-elizabeth,Levington,hlevington2q@google.co.uk,Female,5.123.229.196
100,Chrystal,O'Crotty,cocrotty2r@is.gd,Female,64.22.209.236
101,Woodrow,Keeble,wkeeble2s@npr.org,Female,145.119.182.234
102,Rachelle,Josum,rjosum2t@techcrunch.com,Female,25.128.6.30
103,Papagena,Stroyan,pstroyan2u@rambler.ru,Male,27.3.213.85
104,Earvin,Calbrathe,ecalbrathe2v@howstuffworks.com,Female,66.59.184.196
105,Winny,Mulqueeny,wmulqueeny2w@diigo.com,Female,40.16.60.171
106,Saul,Englishby,senglishby2x@hexun.com,Male,73.78.70.23
107,Pate,Stutt,pstutt2y@businessweek.com,Male,167.14.126.238
108,Fleming,McSparran,fmcsparran2z@usa.gov,Male,174.66.3.147
109,Elisabeth,Bleakman,ebleakman30@gnu.org,Male,211.70.23.137
110,Carey,Takis,ctakis31@yellowbook.com,Male,22.84.49.96
111,Kimberlee,Faughny,kfaughny32@hc360.com,Male,57.48.13.231
112,Evered,Hammer,ehammer33@berkeley.edu,Female,64.12.205.33
113,Duke,Bowdidge,dbowdidge34@google.cn,Genderfluid,127.186.135.163
114,Gayleen,Walstow,gwalstow35@vimeo.com,Agender,74.36.206.33
115,Ross,Van Arsdall,rvanarsdall36@blog.com,Female,111.11.250.183
116,Aguistin,Cheak,acheak37@dot.gov,Genderqueer,172.178.156.214
117,Larine,Phair,lphair38@noaa.gov,Female,22.226.112.202
118,Candy,Burford,cburford39@adobe.com,Female,154.198.122.126
119,Evelina,Tulloch,etulloch3a@goo.ne.jp,Female,120.163.116.77
120,Courtnay,Combes,ccombes3b@admin.ch,Male,64.208.49.253
121,Aluin,Hinzer,ahinzer3c@nih.gov,Male,161.138.157.85
122,Ashleigh,Furnival,afurnival3d@stanford.edu,Female,218.240.139.140
123,Claudine,Barringer,cbarringer3e@bandcamp.com,Female,43.33.127.170
124,Brandea,Willerstone,bwillerstone3f@businessweek.com,Male,3.204.241.97
125,Allan,Rock,arock3g@google.com.br,Male,117.219.49.249
126,Malynda,Downey,mdowney3h@blog.com,Male,26.3.211.1
127,Alleen,Dotterill,adotterill3i@blinklist.com,Male,202.58.216.116
128,Adlai,Levis,alevis3j@tripadvisor.com,Female,207.165.134.45
129,Mayer,Stainson,mstainson3k@nyu.edu,Female,53.153.170.119
130,Melisa,Beagen,mbeagen3l@nature.com,Male,26.4.143.109
131,Hendrika,MacDuff,hmacduff3m@usa.gov,Female,181.6.110.16
132,Klaus,Sirman,ksirman3n@vimeo.com,Male,191.147.234.168
133,Angelle,Mignot,amignot3o@biblegateway.com,Male,70.241.223.4
134,Jdavie,Cuttell,jcuttell3p@foxnews.com,Female,85.62.21.21
135,Rubetta,Hakewell,rhakewell3q@moonfruit.com,Male,155.193.128.171
136,Ameline,Hecks,ahecks3r@mapquest.com,Male,3.246.94.84
137,Rorie,Need,rneed3s@list-manage.com,Male,221.78.253.204
138,Lucias,Loveridge,lloveridge3t@over-blog.com,Genderfluid,153.26.135.103
139,Nero,Harbage,nharbage3u@yandex.ru,Female,163.104.1.77
140,Ollie,Jeffress,ojeffress3v@studiopress.com,Female,188.67.250.145
141,Ibbie,Cuttelar,icuttelar3w@t-online.de,Female,237.221.39.13
142,Abrahan,Jennison,ajennison3x@barnesandnoble.com,Male,118.195.198.148
143,Karon,Shakeshaft,kshakeshaft3y@infoseek.co.jp,Male,219.37.212.32
144,Marven,Blyth,mblyth3z@tuttocitta.it,Female,203.209.235.175
145,Stavro,Cobson,scobson40@instagram.com,Female,234.38.149.50
146,Loraine,Stare,lstare41@phoca.cz,Polygender,84.0.104.31
147,Phebe,Braam,pbraam42@pen.io,Female,224.196.249.201
148,Shayne,Mieville,smieville43@ted.com,Male,139.22.123.166
149,Terrel,Probbin,tprobbin44@un.org,Female,47.253.176.135
150,Jessie,Day,jday45@skype.com,Male,205.113.177.3
151,Emelia,Shingler,eshingler46@pinterest.com,Female,96.226.11.113
152,Myrah,McDuffie,mmcduffie47@army.mil,Female,56.206.163.128
153,Heywood,Fortman,hfortman48@sohu.com,Male,174.214.201.177
154,Rosanne,Domleo,rdomleo49@hubpages.com,Female,5.146.60.168
155,Connie,Arrington,carrington4a@cornell.edu,Male,199.195.131.130
156,Solly,Sharphouse,ssharphouse4b@github.com,Female,171.42.168.200
157,Lacy,Halloway,lhalloway4c@auda.org.au,Male,221.152.52.102
158,Charita,O'Luney,coluney4d@com.com,Male,240.166.75.27
159,Grenville,Aldcorn,galdcorn4e@netlog.com,Male,161.76.116.75
160,Richy,O'Spellissey,rospellissey4f@discovery.com,Male,99.90.86.23
161,Carmelita,Enns,cenns4g@biglobe.ne.jp,Female,159.0.143.253
162,Alikee,Edmand,aedmand4h@printfriendly.com,Male,80.147.112.200
163,Kacy,Cannon,kcannon4i@cornell.edu,Male,67.109.71.118
164,Haily,Styche,hstyche4j@wiley.com,Female,1.175.105.229
165,Michaeline,Carah,mcarah4k@wunderground.com,Female,246.113.37.154
166,Ario,Taylor,ataylor4l@barnesandnoble.com,Female,42.16.235.91
167,Hugo,Abrashkov,habrashkov4m@altervista.org,Male,104.119.45.245
168,Jaclin,Woodyeare,jwoodyeare4n@gizmodo.com,Male,253.189.106.3
169,Ashley,Riseborough,ariseborough4o@uiuc.edu,Female,202.197.11.137
170,Stan,McDonald,smcdonald4p@va.gov,Female,80.135.235.154
171,Catina,Seathwright,cseathwright4q@ehow.com,Female,94.53.186.78
172,Bordie,Doelle,bdoelle4r@webeden.co.uk,Male,224.7.237.147
173,Catha,Millott,cmillott4s@t-online.de,Female,85.120.168.140
174,Tadio,O'Nolan,tonolan4t@edublogs.org,Male,247.34.195.209
175,Aguistin,Tonepohl,atonepohl4u@netvibes.com,Male,77.23.181.240
176,Brenna,Benninger,bbenninger4v@usatoday.com,Male,240.65.13.107
177,Charin,Serfati,cserfati4w@elegantthemes.com,Female,69.198.171.77
178,Nicolas,Ramas,nramas4x@parallels.com,Female,115.127.127.128
179,Lew,McGauhy,lmcgauhy4y@typepad.com,Female,176.87.1.83
180,Faulkner,Whitington,fwhitington4z@yelp.com,Female,180.71.132.6
181,Ethelred,Ebdon,eebdon50@seattletimes.com,Female,4.114.9.72
182,Denver,Ungerechts,dungerechts51@state.tx.us,Female,185.40.19.239
183,Shanie,Cripwell,scripwell52@opensource.org,Male,154.206.237.165
184,Grove,Druitt,gdruitt53@rediff.com,Genderfluid,245.134.129.120
185,Kelci,Gisborne,kgisborne54@nature.com,Male,75.127.152.168
186,Maritsa,Kemmer,mkemmer55@1und1.de,Male,32.21.139.189
187,Tad,Castel,tcastel56@cnet.com,Female,127.73.85.152
188,Shannen,Overstall,soverstall57@bing.com,Female,206.67.107.132
189,Lothaire,Corss,lcorss58@telegraph.co.uk,Female,179.235.119.159
190,Harriett,de Clerk,hdeclerk59@narod.ru,Bigender,126.52.235.131
191,Donica,Gresham,dgresham5a@51.la,Female,190.23.47.48
192,Myrlene,Eldritt,meldritt5b@a8.net,Female,125.74.194.45
193,Angele,Foker,afoker5c@wikia.com,Female,178.218.164.202
194,Horatio,Draycott,hdraycott5d@virginia.edu,Genderqueer,216.173.240.89
195,Lurline,Ringe,lringe5e@moonfruit.com,Female,167.82.7.246
196,Lisabeth,Bhatia,lbhatia5f@hatena.ne.jp,Genderfluid,112.217.62.244
197,Nancey,Housby,nhousby5g@rakuten.co.jp,Non-binary,134.97.195.150
198,Carolann,Lapping,clapping5h@ftc.gov,Male,107.194.4.199
199,Gretna,Penketh,gpenketh5i@parallels.com,Male,225.233.38.0
200,Kennan,Bedingfield,kbedingfield5j@hatena.ne.jp,Female,217.154.217.212
201,Richmound,Boys,rboys5k@house.gov,Male,19.76.113.17
202,Edgard,Wildblood,ewildblood5l@patch.com,Female,58.2.132.153
203,Kira,Shankland,kshankland5m@geocities.jp,Male,104.4.164.165
204,Shaylyn,Busain,sbusain5n@eepurl.com,Male,248.251.71.59
205,Cherish,Rudall,crudall5o@addthis.com,Male,43.15.177.79
206,Giuseppe,Daelman,gdaelman5p@wikispaces.com,Male,66.219.161.213
207,Ramon,Stolte,rstolte5q@sina.com.cn,Bigender,50.60.100.240
208,Lexi,Springham,lspringham5r@biglobe.ne.jp,Male,255.108.172.51
209,Hugo,Fronks,hfronks5s@clickbank.net,Male,53.89.27.235
210,Loree,Seckom,lseckom5t@zdnet.com,Male,228.47.106.44
211,Luciana,Valentino,lvalentino5u@scribd.com,Female,59.14.190.14
212,Marv,Dunderdale,mdunderdale5v@rediff.com,Female,166.137.61.37
213,Janean,Huffy,jhuffy5w@amazon.co.jp,Female,11.175.250.119
214,Tam,Dawdry,tdawdry5x@creativecommons.org,Female,242.201.17.37
215,Mora,Doig,mdoig5y@reverbnation.com,Female,71.171.228.99
216,Salome,Arstingall,sarstingall5z@noaa.gov,Male,137.198.235.65
217,Kayla,Branwhite,kbranwhite60@1688.com,Female,44.109.22.137
218,Thayne,Armell,tarmell61@dell.com,Male,31.243.150.215
219,Vivianna,Osinin,vosinin62@walmart.com,Female,160.2.89.229
220,Casey,Choupin,cchoupin63@chronoengine.com,Female,119.30.47.41
221,Lizette,Viney,lviney64@omniture.com,Female,38.166.141.193
222,Margaux,Mieville,mmieville65@so-net.ne.jp,Male,158.109.57.202
223,Gretta,Woolrich,gwoolrich66@goodreads.com,Female,120.10.33.79
224,Barton,Dolling,bdolling67@blinklist.com,Male,229.158.145.149
225,Adore,Goring,agoring68@unicef.org,Male,229.94.181.70
226,Nealson,Ruddell,nruddell69@altervista.org,Female,178.217.111.2
227,Constantino,Neeve,cneeve6a@google.ca,Male,153.44.200.10
228,Duffy,Cowans,dcowans6b@tripadvisor.com,Female,37.82.221.7
229,Aland,Snailham,asnailham6c@1688.com,Male,239.134.109.152
230,Tanny,Apthorpe,tapthorpe6d@about.com,Male,156.231.29.99
231,Allis,Clackers,aclackers6e@businessinsider.com,Genderqueer,215.64.39.223
232,Addy,Cutill,acutill6f@tuttocitta.it,Female,35.91.154.223
233,Thurstan,Ingham,tingham6g@yellowpages.com,Bigender,24.136.158.81
234,Avril,Salters,asalters6h@discovery.com,Male,107.243.129.92
235,Bobbie,Fawthrop,bfawthrop6i@flavors.me,Female,186.188.129.74
236,Pasquale,Wyldbore,pwyldbore6j@telegraph.co.uk,Female,4.65.83.92
237,Vera,Amor,vamor6k@engadget.com,Female,217.1.243.81
238,Baxy,Attwoull,battwoull6l@nasa.gov,Female,151.255.48.14
239,Gene,Bore,gbore6m@prnewswire.com,Male,69.234.144.18
240,Virgilio,Cowe,vcowe6n@independent.co.uk,Male,113.2.185.1
241,Raina,Branchett,rbranchett6o@guardian.co.uk,Genderfluid,0.8.120.244
242,Raquel,O'Dowgaine,rodowgaine6p@nationalgeographic.com,Female,169.95.62.196
243,Uta,Rapley,urapley6q@g.co,Male,159.200.13.53
244,Orton,Ortell,oortell6r@theglobeandmail.com,Female,137.213.145.57
245,Pearce,Roakes,proakes6s@amazon.de,Male,116.110.46.205
246,Denice,Austing,dausting6t@wired.com,Agender,130.58.213.28
247,Adriena,Boakes,aboakes6u@dropbox.com,Female,163.207.145.126
248,Richie,Mapp,rmapp6v@irs.gov,Female,160.227.57.246
249,Ajay,Dicker,adicker6w@smh.com.au,Male,177.65.153.21
250,Sarajane,Devote,sdevote6x@dion.ne.jp,Genderqueer,133.136.154.136
251,Karie,Witts,kwitts6y@desdev.cn,Male,208.244.195.143
252,Renato,Nequest,rnequest6z@apple.com,Female,62.222.191.121
253,Carley,Volleth,cvolleth70@xinhuanet.com,Male,61.102.173.64
254,Giustino,Menauteau,gmenauteau71@amazon.co.jp,Genderqueer,17.29.11.133
255,Alley,Shields,ashields72@jimdo.com,Female,50.155.66.223
256,Roby,Cleen,rcleen73@moonfruit.com,Male,148.236.12.150
257,Lena,Ableson,lableson74@joomla.org,Male,112.172.229.207
258,Axel,Ferriby,aferriby75@abc.net.au,Female,87.102.253.68
259,Maureen,Imason,mimason76@webmd.com,Female,57.152.51.162
260,Adams,Alenov,aalenov77@cornell.edu,Male,143.231.243.192
261,Evan,Ioselevich,eioselevich78@phpbb.com,Female,135.224.179.17
262,Amity,Treher,atreher79@amazonaws.com,Female,253.144.221.161
263,Timofei,Birwhistle,tbirwhistle7a@fc2.com,Female,131.250.209.13
264,Nickie,Goodright,ngoodright7b@surveymonkey.com,Male,241.255.132.206
265,Lucien,Reilinger,lreilinger7c@timesonline.co.uk,Non-binary,100.53.207.63
266,Danny,McMearty,dmcmearty7d@qq.com,Agender,34.56.49.68
267,Avril,Boulde,aboulde7e@skyrock.com,Male,42.187.197.205
268,Sydel,Thorpe,sthorpe7f@harvard.edu,Female,45.155.83.94
269,Tim,Anney,tanney7g@xrea.com,Female,203.253.125.215
270,Katerina,Aylmore,kaylmore7h@princeton.edu,Polygender,14.1.107.231
271,Christian,Wessel,cwessel7i@jiathis.com,Female,89.149.102.124
272,Park,Kilrow,pkilrow7j@yellowpages.com,Male,121.111.21.215
273,Selina,Blinman,sblinman7k@examiner.com,Male,58.234.2.34
274,Lind,Trazzi,ltrazzi7l@examiner.com,Female,161.189.242.253
275,Tamra,Sirette,tsirette7m@comcast.net,Female,143.151.250.229
276,Sandy,Mabbett,smabbett7n@businessweek.com,Polygender,112.231.33.176
277,Dell,Izod,dizod7o@1688.com,Male,95.255.113.99
278,Venita,Peche,vpeche7p@wikipedia.org,Male,105.9.254.165
279,Margy,Harradence,mharradence7q@amazonaws.com,Male,171.187.3.178
280,Yevette,Antonowicz,yantonowicz7r@mtv.com,Female,194.1.14.149
281,Mufinella,Martinho,mmartinho7s@uol.com.br,Male,168.129.203.197
282,Charmine,Whayman,cwhayman7t@purevolume.com,Female,168.168.87.141
283,Gal,Nizet,gnizet7u@de.vu,Agender,220.162.178.102
284,Delinda,Abbots,dabbots7v@over-blog.com,Male,185.220.238.133
285,Blinni,Banham,bbanham7w@clickbank.net,Female,28.29.150.90
286,Murray,Waryk,mwaryk7x@naver.com,Male,189.184.79.158
287,Isadore,Kearsley,ikearsley7y@a8.net,Female,134.192.248.217
288,Joseito,Mulheron,jmulheron7z@kickstarter.com,Male,190.13.245.205
289,Jacquelin,Liddell,jliddell80@hibu.com,Male,149.48.21.117
290,Delilah,Liversidge,dliversidge81@salon.com,Genderfluid,199.201.178.94
291,Mair,Krikorian,mkrikorian82@narod.ru,Female,174.209.194.229
292,Yvor,Kinson,ykinson83@hibu.com,Male,19.200.78.22
293,Lavinia,Studders,lstudders84@nymag.com,Female,53.177.82.11
294,Mart,Huntly,mhuntly85@bbc.co.uk,Male,103.244.119.40
295,Annalise,Pedrick,apedrick86@mit.edu,Female,84.88.239.97
296,Katalin,Larver,klarver87@craigslist.org,Female,87.56.16.153
297,Tudor,Layburn,tlayburn88@simplemachines.org,Female,141.143.229.108
298,Onida,Tomovic,otomovic89@wordpress.com,Female,216.186.104.62
299,Garnet,Twiddle,gtwiddle8a@pen.io,Male,199.185.84.202
300,Dominga,Aiskrigg,daiskrigg8b@bbc.co.uk,Female,128.142.198.38
301,Jermaine,McCabe,jmccabe8c@house.gov,Female,173.229.66.113
302,Clo,Caulliere,ccaulliere8d@craigslist.org,Male,120.118.108.71
303,Isa,Moralis,imoralis8e@amazonaws.com,Female,76.171.190.24
304,Crichton,Jennison,cjennison8f@dot.gov,Bigender,147.58.86.85
305,Nettle,Readman,nreadman8g@businessinsider.com,Male,197.56.197.235
306,Ancell,Farady,afarady8h@51.la,Male,106.136.203.145
307,Georgine,Chidwick,gchidwick8i@digg.com,Male,200.66.14.163
308,Albert,Gwyneth,agwyneth8j@archive.org,Male,7.96.236.199
309,Corenda,Milburne,cmilburne8k@creativecommons.org,Female,40.116.113.53
310,Ethelred,Bolus,ebolus8l@microsoft.com,Male,71.17.140.156
311,Edee,Francecione,efrancecione8m@hao123.com,Female,93.161.242.122
312,Mordecai,Bellhanger,mbellhanger8n@newyorker.com,Male,194.55.73.219
313,Pearce,Coultard,pcoultard8o@geocities.jp,Male,77.189.174.225
314,Francyne,Reisin,freisin8p@desdev.cn,Male,45.236.29.178
315,Drusy,Carlton,dcarlton8q@de.vu,Female,44.169.163.106
316,Amelita,Withers,awithers8r@ustream.tv,Male,34.23.216.18
317,Cody,Clausewitz,cclausewitz8s@google.co.uk,Male,95.142.161.126
318,Dino,Divers,ddivers8t@reuters.com,Female,141.18.121.61
319,Elwin,Youel,eyouel8u@hatena.ne.jp,Female,66.100.178.154
320,Desdemona,Lashford,dlashford8v@ifeng.com,Male,158.147.240.98
321,Gloria,Trewinnard,gtrewinnard8w@apache.org,Female,5.20.150.11
322,Emilie,Meco,emeco8x@opensource.org,Female,68.222.73.237
323,Maddi,Ewles,mewles8y@apple.com,Genderfluid,96.55.15.30
324,Stearn,Swaite,sswaite8z@histats.com,Female,142.46.159.33
325,Deloris,Bew,dbew90@hubpages.com,Female,101.99.68.52
326,Neilla,Belfelt,nbelfelt91@topsy.com,Female,243.119.170.168
327,Skipton,L'Amie,slamie92@sourceforge.net,Female,38.116.38.33
328,Chrissy,Benza,cbenza93@cornell.edu,Male,188.225.71.47
329,Ianthe,Nayer,inayer94@paginegialle.it,Non-binary,192.26.0.254
330,Arty,Ashbolt,aashbolt95@deviantart.com,Male,50.111.46.26
331,Malory,Springthorpe,mspringthorpe96@gmpg.org,Female,87.221.136.136
332,Zitella,Clarke-Williams,zclarkewilliams97@ca.gov,Female,27.136.249.41
333,Jolene,Tummons,jtummons98@disqus.com,Female,104.32.214.72
334,Sayre,Stranks,sstranks99@indiegogo.com,Male,113.233.218.139
335,Cece,Haselwood,chaselwood9a@answers.com,Non-binary,229.125.138.146
336,Giraldo,Mynett,gmynett9b@smugmug.com,Male,194.135.217.217
337,Shawna,Muirhead,smuirhead9c@people.com.cn,Male,154.227.247.6
338,Fax,Weight,fweight9d@histats.com,Female,63.54.102.68
339,Georgy,Steddall,gsteddall9e@artisteer.com,Male,102.32.128.48
340,Iorgo,Bygrave,ibygrave9f@census.gov,Female,16.204.48.191
341,Tiphany,Sedge,tsedge9g@aol.com,Female,67.134.74.107
342,Gradeigh,Robak,grobak9h@oaic.gov.au,Male,245.160.13.183
343,Mayne,Czadla,mczadla9i@meetup.com,Female,219.139.79.171
344,Filbert,Ginity,fginity9j@businesswire.com,Female,180.125.157.120
345,De,Hannaby,dhannaby9k@tripod.com,Female,184.193.78.216
346,Dagny,Jakobssen,djakobssen9l@discovery.com,Female,36.179.48.145
347,Darlene,Patek,dpatek9m@icio.us,Female,65.30.68.222
348,Michaelina,Sterley,msterley9n@blogtalkradio.com,Male,122.182.6.45
349,Royal,Stennett,rstennett9o@xrea.com,Male,37.188.32.113
350,Shaun,Southers,ssouthers9p@blogtalkradio.com,Male,131.70.188.118
351,Ree,McDonnell,rmcdonnell9q@google.com.au,Female,33.159.41.234
352,Patty,Lazar,plazar9r@independent.co.uk,Female,151.16.139.163
353,Yale,Prujean,yprujean9s@tuttocitta.it,Female,173.198.235.186
354,Salome,Skarr,sskarr9t@google.nl,Female,142.37.17.41
355,Rosalie,Foot,rfoot9u@blogtalkradio.com,Genderfluid,12.116.181.255
356,Mel,Micklewright,mmicklewright9v@printfriendly.com,Male,51.39.10.26
357,Rutter,Pritchard,rpritchard9w@blogtalkradio.com,Male,43.196.0.203
358,Reggy,Gohn,rgohn9x@nydailynews.com,Female,74.168.212.0
359,Cchaddie,Ridding,cridding9y@biglobe.ne.jp,Female,145.54.191.41
360,Tod,Skews,tskews9z@washington.edu,Female,55.192.155.2
361,Nicola,Boise,nboisea0@jigsy.com,Male,67.246.255.162
362,Walton,Quarlis,wquarlisa1@cocolog-nifty.com,Female,157.247.190.203
363,Alyce,Maskell,amaskella2@hc360.com,Male,234.29.116.61
364,Karyn,Takle,ktaklea3@ed.gov,Male,99.166.99.23
365,Riane,Brocking,rbrockinga4@theguardian.com,Male,213.81.89.229
366,Jeri,Burchett,jburchetta5@theguardian.com,Bigender,135.186.83.103
367,Vassily,Slott,vslotta6@sourceforge.net,Male,93.26.246.149
368,Jannel,Montacute,jmontacutea7@nifty.com,Male,98.28.150.4
369,Shirlene,Cantopher,scantophera8@fema.gov,Male,8.162.199.147
370,Dal,Avrasin,davrasina9@sohu.com,Male,76.87.236.156
371,Chandal,Blaxlande,cblaxlandeaa@mail.ru,Male,38.238.132.42
372,Baldwin,Sparling,bsparlingab@moonfruit.com,Female,22.243.247.183
373,Linoel,Rivers,lriversac@globo.com,Female,145.153.5.122
374,Oby,Sneesby,osneesbyad@wsj.com,Male,170.13.132.249
375,Helaine,Greson,hgresonae@themeforest.net,Male,165.223.234.235
376,Frankie,Attenbrow,fattenbrowaf@wordpress.org,Male,157.101.15.159
377,Jemmie,Cadalleder,jcadallederag@examiner.com,Male,19.194.239.60
378,Shauna,Mountford,smountfordah@answers.com,Female,167.51.120.22
379,Roberto,MacGarrity,rmacgarrityai@shinystat.com,Female,234.49.93.84
380,Angy,Bowyer,abowyeraj@naver.com,Male,213.137.101.244
381,Winthrop,Bugg,wbuggak@eventbrite.com,Male,10.167.187.84
382,Wilburt,Dyte,wdyteal@forbes.com,Female,165.160.150.52
383,Johannes,Rearden,jreardenam@usda.gov,Female,171.236.24.173
384,Keslie,MacAdam,kmacadaman@studiopress.com,Male,234.170.189.72
385,Chester,Pennick,cpennickao@sohu.com,Male,214.77.70.39
386,Heddi,Scallan,hscallanap@uol.com.br,Female,122.81.84.0
387,Ber,Tumini,btuminiaq@auda.org.au,Female,53.31.26.253
388,Frasquito,Litherland,flitherlandar@epa.gov,Bigender,22.109.33.100
389,Ben,Passby,bpassbyas@cargocollective.com,Female,163.253.156.175
390,Michal,Barette,mbaretteat@sogou.com,Female,39.127.30.5
391,Lenora,Mansell,lmansellau@ca.gov,Female,69.183.143.7
392,Coraline,Fairfoull,cfairfoullav@japanpost.jp,Male,141.155.59.155
393,Velvet,Brunsen,vbrunsenaw@devhub.com,Male,223.21.70.83
394,Reese,Garnar,rgarnarax@tmall.com,Male,209.86.52.104
395,Ellerey,Tock,etockay@feedburner.com,Female,120.175.98.59
396,Patin,Dulen,pdulenaz@163.com,Female,204.43.250.165
397,Kaleena,Houlison,khoulisonb0@loc.gov,Male,5.106.62.190
398,Lottie,Shakespeare,lshakespeareb1@bbc.co.uk,Male,14.96.215.245
399,Oren,Goldstone,ogoldstoneb2@flavors.me,Male,244.136.191.108
400,Chaddy,Demaine,cdemaineb3@theatlantic.com,Female,209.90.78.194
401,Dulcinea,Mathis,dmathisb4@weibo.com,Female,176.190.80.58
402,Laural,McCaughen,lmccaughenb5@icio.us,Male,121.86.39.77
403,Kynthia,Klauber,kklauberb6@nymag.com,Female,167.250.28.144
404,Joshua,Emer,jemerb7@creativecommons.org,Female,224.212.17.28
405,Orlando,Strothers,ostrothersb8@uiuc.edu,Male,101.239.79.29
406,Frans,Assiter,fassiterb9@blogspot.com,Male,151.170.168.221
407,Gale,Gumley,ggumleyba@taobao.com,Male,38.43.216.234
408,Joyan,Garrison,jgarrisonbb@shutterfly.com,Male,55.186.118.228
409,Ferrell,Carletti,fcarlettibc@163.com,Female,138.14.105.237
410,Ruthy,Gallamore,rgallamorebd@e-recht24.de,Female,232.95.116.164
411,Barris,Orteau,borteaube@noaa.gov,Male,74.149.48.219
412,Stafford,Tender,stenderbf@eepurl.com,Female,106.55.30.238
413,Elmo,Haverson,ehaversonbg@marriott.com,Female,249.224.37.132
414,Allyn,Hiskey,ahiskeybh@creativecommons.org,Female,215.154.154.60
415,Jillie,Overnell,jovernellbi@mashable.com,Male,169.142.125.241
416,Cynthie,Tanby,ctanbybj@fda.gov,Male,153.229.82.36
417,Bamby,Berns,bbernsbk@xing.com,Female,252.173.221.49
418,Marlow,Widdows,mwiddowsbl@techcrunch.com,Male,53.99.239.4
419,Michell,Stiggers,mstiggersbm@biglobe.ne.jp,Polygender,44.139.165.198
420,Idalina,Exton,iextonbn@163.com,Male,162.254.69.38
421,Reginald,Spancock,rspancockbo@nifty.com,Male,75.29.66.29
422,Jamey,Hulke,jhulkebp@macromedia.com,Female,207.191.75.154
423,Brander,Crickmoor,bcrickmoorbq@whitehouse.gov,Female,151.124.55.207
424,Kiele,Vossing,kvossingbr@un.org,Female,228.197.183.21
425,Andrea,Reddan,areddanbs@xing.com,Female,31.58.225.83
426,Antin,Guly,agulybt@guardian.co.uk,Male,194.209.254.161
427,Kathryn,O'Corrin,kocorrinbu@vkontakte.ru,Female,227.22.166.61
428,Aubrey,Goligly,agoliglybv@moonfruit.com,Female,101.173.148.145
429,Dacy,Stanluck,dstanluckbw@github.io,Male,25.151.51.17
430,Mufi,Hoogendorp,mhoogendorpbx@mtv.com,Male,111.142.71.147
431,Lauri,Lyons,llyonsby@nba.com,Female,202.10.142.5
432,Elise,Jurgensen,ejurgensenbz@about.com,Female,8.148.164.216
433,Catherine,Reddings,creddingsc0@ucsd.edu,Female,195.252.129.93
434,Johnathon,Cuthill,jcuthillc1@360.cn,Female,173.44.156.38
435,Bevan,Stanmore,bstanmorec2@sbwire.com,Male,154.175.250.173
436,Philippe,Prescot,pprescotc3@over-blog.com,Female,76.69.101.80
437,Rustin,Albert,ralbertc4@clickbank.net,Male,215.35.54.211
438,Eudora,Perdue,eperduec5@surveymonkey.com,Agender,32.146.100.218
439,Humfrid,Baike,hbaikec6@artisteer.com,Female,134.15.187.137
440,Carrissa,Seawell,cseawellc7@pagesperso-orange.fr,Male,27.54.229.77
441,Kristen,Langcastle,klangcastlec8@trellian.com,Female,251.110.9.88
442,Gallard,Suffe,gsuffec9@opensource.org,Male,30.94.48.20
443,Brose,Uppett,buppettca@wordpress.org,Bigender,55.245.163.86
444,Marchall,Torbard,mtorbardcb@merriam-webster.com,Male,15.217.55.212
445,Adrian,Milham,amilhamcc@rambler.ru,Bigender,15.51.91.206
446,Lanie,Richie,lrichiecd@ovh.net,Female,123.14.197.155
447,Daffie,Howford,dhowfordce@yelp.com,Bigender,134.89.95.111
448,Margi,Nolleau,mnolleaucf@printfriendly.com,Male,10.62.46.229
449,Lodovico,Troctor,ltroctorcg@wix.com,Male,182.73.10.70
450,Marlo,Castles,mcastlesch@springer.com,Male,151.173.38.139
451,Maddie,McIsaac,mmcisaacci@chron.com,Male,114.201.70.3
452,Gregor,Penman,gpenmancj@ehow.com,Male,211.221.160.63
453,Daveta,Nannoni,dnannonick@weibo.com,Female,137.201.100.137
454,Elton,Stein,esteincl@pcworld.com,Male,5.140.152.167
455,Bethany,Egan,begancm@economist.com,Male,75.102.76.135
456,Ariela,Jennrich,ajennrichcn@dailymotion.com,Male,152.137.63.12
457,Zackariah,Pretty,zprettyco@si.edu,Female,228.116.117.230
458,Berri,Stollen,bstollencp@weebly.com,Male,137.153.154.110
459,Greer,Innwood,ginnwoodcq@cdc.gov,Male,91.42.83.136
460,Jorry,Waine,jwainecr@irs.gov,Male,88.106.220.151
461,Kip,Corrigan,kcorrigancs@hostgator.com,Agender,126.43.76.27
462,Marinna,Dingley,mdingleyct@ucoz.ru,Male,120.89.127.163
463,Birgitta,Rockell,brockellcu@gnu.org,Female,37.194.43.246
464,Garey,Sudlow,gsudlowcv@java.com,Male,112.218.151.116
465,Lind,Figurski,lfigurskicw@paypal.com,Male,174.169.153.166
466,Lurette,Wollacott,lwollacottcx@theguardian.com,Male,147.43.106.1
467,Hesther,Simkins,hsimkinscy@mapy.cz,Male,119.59.216.146
468,Bobine,Morston,bmorstoncz@mapquest.com,Female,177.141.115.86
469,Valera,Sheward,vshewardd0@fastcompany.com,Female,58.47.19.18
470,Elenore,Sulman,esulmand1@google.ca,Female,178.49.122.195
471,Normie,Salmons,nsalmonsd2@cbc.ca,Bigender,146.59.230.9
472,Dalis,Farthing,dfarthingd3@constantcontact.com,Female,27.179.199.11
473,Elsbeth,Dummer,edummerd4@foxnews.com,Female,146.26.150.241
474,Cynthy,Handrick,chandrickd5@cnn.com,Female,247.81.234.181
475,Elroy,Deex,edeexd6@cloudflare.com,Female,167.193.144.142
476,Jeremie,Mannering,jmanneringd7@comcast.net,Female,154.107.110.37
477,Perceval,Preedy,ppreedyd8@yale.edu,Genderfluid,29.159.211.232
478,Evanne,Reaman,ereamand9@weather.com,Female,167.97.42.42
479,Hillier,Ambrogelli,hambrogellida@wunderground.com,Male,82.142.29.76
480,Katalin,Fortey,kforteydb@i2i.jp,Female,105.229.36.172
481,Thibaut,Morando,tmorandodc@cisco.com,Female,65.101.196.50
482,Had,O' Gara,hogaradd@youtu.be,Female,112.41.98.55
483,Alvie,Issatt,aissattde@tiny.cc,Female,247.65.96.140
484,Noella,Newlin,nnewlindf@auda.org.au,Male,77.168.243.176
485,Lori,Meininking,lmeininkingdg@indiatimes.com,Female,168.158.102.173
486,Cristina,Fumagalli,cfumagallidh@fc2.com,Female,232.229.104.233
487,Aaren,Trengrouse,atrengrousedi@seesaa.net,Female,84.210.200.246
488,Harper,Dulieu,hdulieudj@gmpg.org,Male,185.47.21.85
489,Upton,Beales,ubealesdk@boston.com,Male,84.12.245.0
490,Aron,Henriques,ahenriquesdl@homestead.com,Male,220.89.252.198
491,Mamie,Cashley,mcashleydm@storify.com,Male,108.77.115.26
492,Becca,Sherred,bsherreddn@163.com,Male,150.247.209.201
493,Randene,Ell,relldo@marketwatch.com,Female,170.171.179.50
494,Bordie,Abbate,babbatedp@so-net.ne.jp,Female,94.115.149.189
495,Natka,Alibone,nalibonedq@wikia.com,Male,44.241.117.9
496,Miltie,Crocket,mcrocketdr@nationalgeographic.com,Genderqueer,104.136.207.83
497,Lawton,Sollars,lsollarsds@4shared.com,Male,220.88.179.154
498,Susan,Bleddon,sbleddondt@japanpost.jp,Female,192.9.97.25
499,Sarina,Wieprecht,swieprechtdu@blogger.com,Male,176.192.124.181
500,Carroll,Borton,cbortondv@squarespace.com,Male,106.165.93.243
501,Christan,Winch,cwinchdw@altervista.org,Male,202.108.1.106
502,Wren,Koubu,wkoubudx@tumblr.com,Male,14.194.239.30
503,Violet,Shill,vshilldy@slashdot.org,Genderfluid,42.246.117.120
504,Vinny,Ellerington,velleringtondz@wunderground.com,Female,77.189.177.29
505,Camila,Latta,clattae0@domainmarket.com,Female,80.128.6.93
506,Booth,Gotthard,bgottharde1@technorati.com,Male,85.18.52.2
507,Arvy,Gleed,agleede2@domainmarket.com,Female,73.114.174.4
508,Maurine,Dawbury,mdawburye3@msu.edu,Female,91.215.77.87
509,Teodora,Zmitrichenko,tzmitrichenkoe4@360.cn,Male,130.130.32.175
510,Esma,Heinzler,eheinzlere5@deliciousdays.com,Male,193.89.225.9
511,Xenos,Vuitte,xvuittee6@cnet.com,Female,24.247.26.222
512,Cybil,Freathy,cfreathye7@scribd.com,Male,138.16.226.204
513,Vonnie,Gillibrand,vgillibrande8@t.co,Female,153.124.87.154
514,Haleigh,Sage,hsagee9@walmart.com,Female,208.37.9.47
515,Peterus,Gobat,pgobatea@netscape.com,Female,65.22.245.175
516,Erik,Arghent,earghenteb@gmpg.org,Male,3.9.16.152
517,Jilly,Crosham,jcroshamec@1und1.de,Male,176.94.79.101
518,Meyer,Klimowski,mklimowskied@biblegateway.com,Non-binary,220.237.235.85
519,Gearalt,Schafer,gschaferee@nbcnews.com,Female,183.111.188.192
520,Alyse,Downes,adownesef@qq.com,Female,17.24.18.173
521,Goldina,Grammer,ggrammereg@senate.gov,Male,196.204.113.104
522,Shelley,Billam,sbillameh@deviantart.com,Male,140.222.19.170
523,Betteann,Dugmore,bdugmoreei@wordpress.org,Female,175.250.164.139
524,Puff,Wackett,pwackettej@un.org,Female,7.137.90.124
525,Kameko,Stagge,kstaggeek@nytimes.com,Genderqueer,196.73.216.7
526,Rora,Botterell,rbotterellel@shutterfly.com,Female,12.240.117.254
527,Christian,Le Franc,clefrancem@vinaora.com,Male,110.7.4.67
528,Stephannie,Cumming,scummingen@techcrunch.com,Male,102.10.212.0
529,Horton,Reinmar,hreinmareo@facebook.com,Male,131.45.55.157
530,Dolf,Vitte,dvitteep@diigo.com,Female,136.154.242.116
531,Dru,Boggis,dboggiseq@techcrunch.com,Female,84.221.244.240
532,Edin,Pellew,epellewer@mayoclinic.com,Female,1.20.98.126
533,Lionello,Nazaret,lnazaretes@sitemeter.com,Male,49.189.107.222
534,Daveen,Mulran,dmulranet@163.com,Genderfluid,135.122.52.21
535,Katine,Chittey,kchitteyeu@livejournal.com,Female,136.245.180.235
536,Rhona,Ensor,rensorev@go.com,Female,142.176.199.177
537,Domeniga,Crowson,dcrowsonew@vimeo.com,Female,75.76.2.11
538,Clem,Crawshaw,ccrawshawex@netlog.com,Female,226.194.108.133
539,Lexie,Maliphant,lmaliphantey@yale.edu,Female,212.86.221.133
540,Teresa,Sparway,tsparwayez@sourceforge.net,Male,174.230.179.33
541,Lion,Sahnow,lsahnowf0@networkadvertising.org,Female,207.53.83.135
542,Kristan,Bucknall,kbucknallf1@psu.edu,Male,194.8.62.199
543,Alfreda,Auger,aaugerf2@jimdo.com,Male,43.252.65.252
544,Niles,Robeiro,nrobeirof3@yahoo.com,Female,79.141.195.130
545,Hi,Redit,hreditf4@examiner.com,Polygender,80.180.129.65
546,Conrado,Worsnip,cworsnipf5@symantec.com,Male,82.173.110.54
547,Theobald,Ballin,tballinf6@nsw.gov.au,Female,241.105.53.8
548,Abba,Chiplin,achiplinf7@ustream.tv,Non-binary,107.15.0.45
549,Harlen,Brunon,hbrunonf8@so-net.ne.jp,Male,158.141.228.129
550,Renault,Gillham,rgillhamf9@mashable.com,Female,129.182.227.151
551,Coraline,De Biasio,cdebiasiofa@qq.com,Female,55.238.55.231
552,Kesley,Matthaus,kmatthausfb@barnesandnoble.com,Female,84.0.161.56
553,Laney,Lupton,lluptonfc@ebay.co.uk,Female,204.25.64.176
554,Flossi,Eam,feamfd@cnn.com,Female,140.78.39.105
555,Elaine,Fernier,efernierfe@imageshack.us,Male,126.224.218.12
556,Zackariah,Feedome,zfeedomeff@timesonline.co.uk,Female,9.43.243.92
557,Luis,Dulany,ldulanyfg@skype.com,Male,38.8.23.49
558,Falkner,Caser,fcaserfh@wp.com,Male,4.18.234.197
559,Isidor,Beesley,ibeesleyfi@columbia.edu,Female,216.113.71.64
560,Karilynn,Patterfield,kpatterfieldfj@amazon.de,Female,108.78.178.105
561,Allene,Marques,amarquesfk@chronoengine.com,Non-binary,216.228.203.98
562,Fredek,Hambridge,fhambridgefl@weibo.com,Female,211.64.32.207
563,Lida,Lowle,llowlefm@unicef.org,Male,165.150.75.236
564,Nicole,Brabham,nbrabhamfn@wsj.com,Male,100.127.222.153
565,Bryn,Monsey,bmonseyfo@examiner.com,Female,155.149.251.177
566,Barty,Jako,bjakofp@theatlantic.com,Male,143.5.129.189
567,Inigo,Anstiss,ianstissfq@bravesites.com,Female,38.97.85.146
568,Powell,Butte,pbuttefr@prweb.com,Female,231.175.37.237
569,Calley,Speir,cspeirfs@symantec.com,Agender,150.220.74.218
570,Selene,Fellgate,sfellgateft@wisc.edu,Male,8.27.73.141
571,Kevyn,Misken,kmiskenfu@biblegateway.com,Female,133.139.167.239
572,Shelagh,Gurge,sgurgefv@4shared.com,Female,83.234.202.253
573,Ashlee,D'Costa,adcostafw@gmpg.org,Female,254.35.207.145
574,Moritz,Gwyn,mgwynfx@gov.uk,Female,252.90.244.71
575,Constanta,Castagnaro,ccastagnarofy@princeton.edu,Male,88.199.35.66
576,Penny,Feander,pfeanderfz@gizmodo.com,Male,173.84.10.132
577,Hillyer,Bims,hbimsg0@godaddy.com,Female,98.198.114.107
578,Valaree,Tunder,vtunderg1@sbwire.com,Male,47.43.204.239
579,Gayel,Wasiela,gwasielag2@spotify.com,Genderfluid,205.170.140.151
580,Kort,Maddra,kmaddrag3@1und1.de,Female,234.15.107.132
581,Ashil,Pashenkov,apashenkovg4@prnewswire.com,Female,226.164.153.226
582,Buiron,Dines,bdinesg5@storify.com,Male,99.240.178.217
583,Kat,Triggle,ktriggleg6@pinterest.com,Male,234.141.199.23
584,Maude,Eddington,meddingtong7@patch.com,Female,231.196.144.129
585,Thaine,Gian,tgiang8@networksolutions.com,Female,15.162.203.254
586,Kailey,Slot,kslotg9@earthlink.net,Male,162.233.254.150
587,Murray,Thwaite,mthwaitega@sohu.com,Female,100.145.90.96
588,Cornela,Pavkovic,cpavkovicgb@reddit.com,Female,101.19.171.250
589,Ameline,Mounfield,amounfieldgc@adobe.com,Female,55.78.83.55
590,Mercy,McIvor,mmcivorgd@cocolog-nifty.com,Male,234.142.236.29
591,Georgie,Pantone,gpantonege@statcounter.com,Female,105.147.114.101
592,Shandie,Darleston,sdarlestongf@live.com,Male,106.114.244.20
593,Margarette,Bellin,mbellingg@europa.eu,Male,29.126.155.55
594,Cedric,Corneck,ccorneckgh@google.com.hk,Male,112.195.24.22
595,Gabriell,Scedall,gscedallgi@elpais.com,Male,95.200.4.65
596,Madelina,Labrow,mlabrowgj@opera.com,Male,254.48.180.188
597,Rhodie,Wilbor,rwilborgk@technorati.com,Male,107.49.187.249
598,Elliott,McCaughey,emccaugheygl@blog.com,Male,22.224.97.12
599,Martie,Orviss,morvissgm@slashdot.org,Polygender,92.187.8.94
600,Roger,Roche,rrochegn@ted.com,Male,157.169.86.219
601,Sarajane,de Lloyd,sdelloydgo@slate.com,Male,145.29.184.181
602,Derk,Lempel,dlempelgp@wiley.com,Female,140.107.90.147
603,Karalynn,Lavrick,klavrickgq@nih.gov,Female,117.94.84.155
604,Etheline,Howe,ehowegr@bloglines.com,Female,235.86.67.222
605,Gloria,Liepina,gliepinags@nature.com,Male,182.214.76.142
606,Mattie,Chucks,mchucksgt@google.com,Male,91.196.153.19
607,Keslie,Flohard,kflohardgu@cafepress.com,Male,115.187.29.253
608,Alidia,Teissier,ateissiergv@npr.org,Female,211.189.136.164
609,Tracy,Ellin,tellingw@newsvine.com,Female,2.198.107.57
610,Monica,Leyton,mleytongx@vimeo.com,Female,249.184.112.144
611,Brok,Chimenti,bchimentigy@icq.com,Male,149.109.153.44
612,Koral,Ferrea,kferreagz@naver.com,Male,114.12.107.118
613,Penny,Winspurr,pwinspurrh0@t.co,Male,120.36.139.42
614,Bianca,Ivanshintsev,bivanshintsevh1@mayoclinic.com,Male,74.79.140.2
615,Ashil,Radcliffe,aradcliffeh2@rakuten.co.jp,Female,130.4.10.197
616,Shellie,Fairall,sfairallh3@accuweather.com,Female,82.77.119.202
617,Alphonse,Croser,acroserh4@t.co,Male,233.40.9.242
618,Zollie,Mercer,zmercerh5@free.fr,Female,47.241.118.91
619,Hal,Misson,hmissonh6@yale.edu,Female,205.114.186.23
620,Donnell,Coolahan,dcoolahanh7@about.me,Polygender,92.116.98.168
621,Bartram,Langmaid,blangmaidh8@lycos.com,Male,113.141.22.164
622,Bryana,Aps,bapsh9@joomla.org,Female,39.11.79.184
623,Rurik,Robker,rrobkerha@altervista.org,Female,116.15.60.156
624,Toddy,Abbets,tabbetshb@sina.com.cn,Male,69.210.138.115
625,Philipa,Newbery,pnewberyhc@tumblr.com,Female,71.75.90.201
626,Malissia,Decaze,mdecazehd@wordpress.org,Male,128.238.220.207
627,Claudianus,Sarath,csarathhe@amazon.com,Female,85.118.169.200
628,Melisse,Pudsey,mpudseyhf@barnesandnoble.com,Female,76.77.213.163
629,Walker,Bambery,wbamberyhg@i2i.jp,Non-binary,57.34.96.108
630,Randolph,Allain,rallainhh@csmonitor.com,Female,114.105.80.228
631,Dallas,Shevels,dshevelshi@ustream.tv,Male,110.56.15.32
632,Marylynne,Westman,mwestmanhj@histats.com,Genderqueer,174.36.153.21
633,Simonette,Ortas,sortashk@alexa.com,Female,19.152.30.90
634,Lizzy,Ramberg,lramberghl@cyberchimps.com,Female,140.117.90.220
635,Carleen,Quarrell,cquarrellhm@deliciousdays.com,Female,168.173.165.61
636,Curtis,Gillanders,cgillandershn@xrea.com,Male,43.241.98.180
637,Burnard,Della Scala,bdellascalaho@europa.eu,Agender,29.84.205.229
638,Hogan,McCaighey,hmccaigheyhp@skyrock.com,Male,205.194.11.180
639,Peta,Hewkin,phewkinhq@blogtalkradio.com,Male,239.129.207.150
640,Ezri,Rockell,erockellhr@mapy.cz,Bigender,125.198.0.86
641,Brad,Grouen,bgrouenhs@businessweek.com,Female,153.113.193.254
642,Bette-ann,Lownie,blownieht@g.co,Male,91.148.71.81
643,Ali,McPolin,amcpolinhu@deliciousdays.com,Female,143.222.121.133
644,Jo-ann,Thying,jthyinghv@ft.com,Male,94.182.9.212
645,Chelsy,Caldwell,ccaldwellhw@oaic.gov.au,Bigender,228.219.125.175
646,Burg,Zanni,bzannihx@alexa.com,Female,173.105.156.185
647,Sharlene,Mandy,smandyhy@drupal.org,Male,234.254.9.215
648,Packston,Van Der Weedenburg,pvanderweedenburghz@nifty.com,Female,223.24.99.59
649,Cornie,Bertomieu,cbertomieui0@a8.net,Bigender,153.211.242.238
650,Florenza,Chesterman,fchestermani1@hugedomains.com,Female,74.177.122.67
651,Emelita,Reichert,ereicherti2@drupal.org,Genderfluid,118.181.43.233
652,Barnebas,Fassum,bfassumi3@oaic.gov.au,Female,91.129.169.58
653,Devlen,Lorinez,dlorinezi4@nbcnews.com,Female,97.27.65.68
654,Catherina,Ashfield,cashfieldi5@artisteer.com,Female,19.128.213.88
655,Rutter,Arnaud,rarnaudi6@amazonaws.com,Female,231.126.200.176
656,Edwin,Boldison,eboldisoni7@tinypic.com,Female,229.36.47.155
657,Crawford,Angrave,cangravei8@springer.com,Agender,82.132.57.243
658,Margarete,Fike,mfikei9@ed.gov,Female,111.251.155.53
659,Ebonee,Faas,efaasia@techcrunch.com,Male,206.73.98.73
660,Cindee,Redihalgh,credihalghib@home.pl,Male,67.128.172.151
661,Magnum,Crampsy,mcrampsyic@cafepress.com,Male,65.40.203.204
662,Mikael,Goghin,mgoghinid@sciencedaily.com,Female,185.31.105.250
663,Levy,Quinney,lquinneyie@squarespace.com,Male,27.240.0.43
664,Ferrel,Wedmore.,fwedmoreif@merriam-webster.com,Female,70.255.183.161
665,Jaquelin,Bewicke,jbewickeig@flickr.com,Male,154.251.58.191
666,Nola,Rowlson,nrowlsonih@zdnet.com,Female,155.65.107.151
667,Maris,Scramage,mscramageii@blogs.com,Female,48.64.155.218
668,Veriee,Weerdenburg,vweerdenburgij@reuters.com,Female,22.150.224.99
669,Enriqueta,Southerell,esoutherellik@opensource.org,Female,69.20.22.94
670,Pepe,Springtorpe,pspringtorpeil@bluehost.com,Male,236.103.105.10
671,Gauthier,Kringe,gkringeim@home.pl,Male,216.164.232.229
672,Barth,Grinikhin,bgrinikhinin@tinyurl.com,Male,253.232.233.75
673,Allis,Weatherill,aweatherillio@abc.net.au,Male,72.197.107.111
674,Laure,Lackemann,llackemannip@npr.org,Male,7.154.25.152
675,Mohammed,Maingot,mmaingotiq@imgur.com,Female,8.61.224.85
676,Silas,Camsey,scamseyir@about.com,Female,122.6.203.96
677,Gleda,Brimmacombe,gbrimmacombeis@businessweek.com,Female,34.153.35.149
678,Ermina,Durden,edurdenit@ovh.net,Male,174.229.120.162
679,Virge,Gideon,vgideoniu@t.co,Female,25.100.6.55
680,Fawn,Wellington,fwellingtoniv@deviantart.com,Male,171.100.114.144
681,Randi,McGreil,rmcgreiliw@businessweek.com,Female,174.58.93.241
682,Gianina,Yurkiewicz,gyurkiewiczix@theglobeandmail.com,Female,72.230.154.80
683,Letitia,Verni,lverniiy@wikipedia.org,Male,131.87.67.125
684,Cornall,Force,cforceiz@businessweek.com,Female,21.54.96.113
685,Skell,Dummett,sdummettj0@biglobe.ne.jp,Male,209.80.6.219
686,Celina,MacKartan,cmackartanj1@slideshare.net,Male,20.92.249.109
687,Pen,Hindmoor,phindmoorj2@sciencedirect.com,Female,125.48.144.43
688,Palmer,Kohtler,pkohtlerj3@over-blog.com,Male,175.155.2.37
689,Dyann,Brigshaw,dbrigshawj4@npr.org,Male,200.14.180.7
690,Arlinda,Parram,aparramj5@networkadvertising.org,Female,56.47.212.89
691,Ezequiel,Witheford,ewithefordj6@ibm.com,Female,120.231.175.28
692,Lonny,Shoutt,lshouttj7@cbc.ca,Female,32.60.43.109
693,Ash,Pickhaver,apickhaverj8@scribd.com,Male,170.2.208.238
694,Bertie,Asch,baschj9@jigsy.com,Male,35.196.137.115
695,Mandie,Duckfield,mduckfieldja@over-blog.com,Male,164.86.34.188
696,Karlis,Trustrie,ktrustriejb@pagesperso-orange.fr,Male,4.26.199.219
697,Amalle,Mortell,amortelljc@theglobeandmail.com,Female,146.84.10.177
698,Sayre,Grimolbie,sgrimolbiejd@yolasite.com,Male,19.223.225.61
699,Bowie,Streather,bstreatherje@domainmarket.com,Female,176.2.147.140
700,Trenton,Strongman,tstrongmanjf@joomla.org,Female,150.197.128.122
701,Erika,Klesel,ekleseljg@networksolutions.com,Male,68.214.4.223
702,Shurlocke,Yosevitz,syosevitzjh@weather.com,Male,191.139.249.159
703,Carlyle,Florio,cflorioji@china.com.cn,Male,231.126.100.234
704,Barry,Iacopetti,biacopettijj@dell.com,Female,190.253.241.36
705,Helaine,Vanacci,hvanaccijk@webnode.com,Male,107.129.251.254
706,Hurley,Lain,hlainjl@ed.gov,Female,122.110.63.48
707,Lorianne,Hadlow,lhadlowjm@creativecommons.org,Female,35.2.49.64
708,Nikaniki,Adamov,nadamovjn@friendfeed.com,Female,75.12.191.56
709,Ernesta,Donativo,edonativojo@google.fr,Male,181.77.12.157
710,Josephina,Begley,jbegleyjp@sitemeter.com,Male,153.182.180.143
711,Alphonse,Fawks,afawksjq@marketwatch.com,Female,193.143.46.32
712,Hernando,Harner,hharnerjr@cnbc.com,Male,114.105.177.108
713,Kitti,Smalman,ksmalmanjs@dyndns.org,Male,169.199.78.200
714,Thorny,McVicker,tmcvickerjt@theatlantic.com,Male,78.173.221.111
715,Sunny,Kielt,skieltju@intel.com,Male,163.36.121.59
716,Karleen,Floweth,kflowethjv@4shared.com,Male,162.172.53.97
717,Gracia,Franzini,gfranzinijw@liveinternet.ru,Female,204.87.79.140
718,Teddy,Cantua,tcantuajx@mysql.com,Female,249.140.44.91
719,Merline,Gullis,mgullisjy@admin.ch,Male,148.32.167.5
720,Thedric,Kaesmakers,tkaesmakersjz@opensource.org,Female,244.63.9.218
721,Griselda,Jan,gjank0@exblog.jp,Male,3.113.79.34
722,Herta,Gabe,hgabek1@psu.edu,Female,234.68.75.168
723,Gerty,Truce,gtrucek2@php.net,Male,114.156.175.43
724,Jethro,Luthwood,jluthwoodk3@yellowbook.com,Female,38.179.98.150
725,Bevan,Geelan,bgeelank4@xing.com,Male,73.135.184.201
726,Costanza,Seadon,cseadonk5@msu.edu,Female,173.5.149.128
727,Carolin,Spelling,cspellingk6@vkontakte.ru,Polygender,37.81.24.40
728,Westley,Wrettum,wwrettumk7@shinystat.com,Male,126.46.125.201
729,Ermengarde,Martinovic,emartinovick8@dailymotion.com,Female,134.28.69.8
730,Consuela,Hobson,chobsonk9@infoseek.co.jp,Female,154.171.204.56
731,Rosemarie,Ganforthe,rganfortheka@amazon.co.jp,Genderqueer,213.255.176.209
732,Lula,Looney,llooneykb@deliciousdays.com,Male,146.77.11.175
733,Miller,Jenkison,mjenkisonkc@linkedin.com,Male,10.31.181.214
734,Dominica,Ordidge,dordidgekd@infoseek.co.jp,Male,46.168.203.198
735,Teodoro,Yewman,tyewmanke@example.com,Female,146.145.138.68
736,Chadd,Dunckley,cdunckleykf@mtv.com,Genderfluid,65.149.4.85
737,Win,Brolechan,wbrolechankg@usda.gov,Non-binary,6.152.2.84
738,Farlee,Hounsome,fhounsomekh@newyorker.com,Genderqueer,252.226.136.136
739,Chrissie,Kidstone,ckidstoneki@so-net.ne.jp,Female,255.21.179.251
740,Aigneis,Mallan,amallankj@hubpages.com,Male,7.195.232.154
741,Thorsten,Driutti,tdriuttikk@baidu.com,Genderfluid,44.194.108.79
742,Corrina,Tampen,ctampenkl@uiuc.edu,Female,212.7.0.30
743,Hunt,Ebben,hebbenkm@dailymail.co.uk,Male,104.143.198.171
744,Maire,Bratchell,mbratchellkn@dion.ne.jp,Female,132.42.132.103
745,Charlton,Dillet,cdilletko@friendfeed.com,Male,154.7.80.98
746,Benjy,Roderigo,broderigokp@pbs.org,Genderqueer,197.15.73.73
747,Hayyim,Janczyk,hjanczykkq@ed.gov,Female,14.103.154.91
748,Roslyn,Mandrake,rmandrakekr@deliciousdays.com,Female,157.196.79.91
749,Barrie,Coomer,bcoomerks@tripadvisor.com,Female,142.246.10.28
750,Caye,Lorenzini,clorenzinikt@hibu.com,Female,98.123.142.14
751,Frederich,Noddles,fnoddlesku@boston.com,Male,176.23.22.6
752,Mike,Korlat,mkorlatkv@spotify.com,Genderfluid,79.4.106.209
753,Juana,Baumber,jbaumberkw@altervista.org,Female,240.122.173.147
754,Des,Ivshin,divshinkx@dell.com,Female,209.23.31.246
755,Hildegarde,Pattemore,hpattemoreky@blog.com,Female,72.252.60.95
756,Donn,Paddefield,dpaddefieldkz@oakley.com,Male,176.30.133.105
757,Casar,Maase,cmaasel0@hao123.com,Genderfluid,82.94.113.68
758,Cassy,Stickles,csticklesl1@shop-pro.jp,Female,165.32.3.69
759,Barth,Skelington,bskelingtonl2@redcross.org,Genderqueer,48.210.33.112
760,Marena,Fretson,mfretsonl3@baidu.com,Female,211.110.184.78
761,Grata,Wallsam,gwallsaml4@squidoo.com,Male,11.150.186.179
762,Norris,Hallen,nhallenl5@umich.edu,Female,67.216.29.8
763,Virginia,Manger,vmangerl6@xinhuanet.com,Agender,68.9.41.44
764,Oralia,Mylchreest,omylchreestl7@bluehost.com,Female,168.142.219.228
765,Uri,Haldene,uhaldenel8@discovery.com,Agender,238.183.54.220
766,Granger,Thies,gthiesl9@reddit.com,Bigender,242.23.64.220
767,Dulci,Sarchwell,dsarchwellla@telegraph.co.uk,Female,71.127.204.38
768,Currie,Kingsworth,ckingsworthlb@bing.com,Female,158.86.167.136
769,Abbie,Dowles,adowleslc@infoseek.co.jp,Female,158.189.103.191
770,Aubrie,FitzGeorge,afitzgeorgeld@nsw.gov.au,Male,243.80.55.15
771,Melania,Blackden,mblackdenle@github.io,Male,164.68.201.169
772,Geri,MacVean,gmacveanlf@unblog.fr,Male,108.152.35.183
773,Ethan,Moncrefe,emoncrefelg@dion.ne.jp,Male,163.98.117.135
774,Earle,Crichmer,ecrichmerlh@cdbaby.com,Genderqueer,7.241.189.189
775,Sukey,Segrott,ssegrottli@cmu.edu,Male,112.178.95.118
776,Redd,Tuminini,rtumininilj@unblog.fr,Female,46.45.137.197
777,Godfrey,Hinder,ghinderlk@canalblog.com,Male,184.212.213.10
778,Rutter,McEnteggart,rmcenteggartll@accuweather.com,Male,125.190.24.192
779,Mireielle,Leiden,mleidenlm@nyu.edu,Female,215.244.112.156
780,Jules,Latty,jlattyln@seattletimes.com,Male,150.178.144.169
781,Amalita,Spikins,aspikinslo@cmu.edu,Male,112.145.108.240
782,Lorine,Pinard,lpinardlp@hud.gov,Male,54.124.199.91
783,Valeria,Faye,vfayelq@slideshare.net,Female,10.32.221.74
784,Tierney,Hattiff,thattifflr@opera.com,Male,196.180.251.121
785,Shirline,Aleksich,saleksichls@msu.edu,Agender,28.144.37.206
786,Rori,Carlet,rcarletlt@springer.com,Female,213.222.40.174
787,Franny,Donnan,fdonnanlu@xrea.com,Male,146.41.11.94
788,Jethro,Cattermole,jcattermolelv@csmonitor.com,Male,0.149.93.154
789,Linnell,Matula,lmatulalw@twitter.com,Male,0.53.184.255
790,Cathi,Yeeles,cyeeleslx@goo.ne.jp,Female,252.253.194.229
791,Andrew,Harvatt,aharvattly@wikia.com,Male,43.174.123.100
792,Vanessa,Hubbocks,vhubbockslz@house.gov,Female,75.253.69.137
793,Maighdiln,Temblett,mtemblettm0@surveymonkey.com,Male,2.221.34.240
794,Kincaid,Riddington,kriddingtonm1@amazonaws.com,Male,200.144.45.6
795,Ash,Peattie,apeattiem2@oakley.com,Agender,79.193.148.88
796,Rozalie,Walesa,rwalesam3@unesco.org,Male,194.18.71.10
797,Benjy,Kamienski,bkamienskim4@infoseek.co.jp,Female,79.142.205.135
798,Boy,Topp,btoppm5@tripod.com,Male,149.88.116.165
799,Baird,Fraine,bfrainem6@yandex.ru,Non-binary,42.179.75.158
800,Emanuel,Calcut,ecalcutm7@google.com.au,Male,186.146.130.215
801,Stanislaus,Emeny,semenym8@taobao.com,Female,45.163.147.186
802,Reuben,Kinzett,rkinzettm9@edublogs.org,Male,49.210.211.5
803,Shani,McIsaac,smcisaacma@npr.org,Male,28.1.252.14
804,Perri,Vuitte,pvuittemb@nsw.gov.au,Female,10.60.176.174
805,Vern,Heintsch,vheintschmc@liveinternet.ru,Male,214.12.155.73
806,Batsheva,Phebee,bphebeemd@sogou.com,Female,250.195.45.223
807,Noam,Celier,ncelierme@apple.com,Female,255.81.209.47
808,Francklyn,Tyas,ftyasmf@about.com,Female,236.32.16.159
809,Marvin,Yaus,myausmg@bloomberg.com,Female,77.52.22.144
810,Matthias,Remington,mremingtonmh@theguardian.com,Male,252.152.227.33
811,Durand,Niessen,dniessenmi@nps.gov,Male,168.249.52.72
812,Holly-anne,Zylberdik,hzylberdikmj@mapquest.com,Agender,126.9.61.200
813,Selig,De Benedictis,sdebenedictismk@joomla.org,Non-binary,54.116.220.202
814,Lorrin,Windle,lwindleml@soup.io,Female,50.128.76.162
815,Rees,Dunhill,rdunhillmm@hibu.com,Male,27.72.152.17
816,Rasia,Paffett,rpaffettmn@surveymonkey.com,Female,228.58.174.249
817,Justen,McLese,jmclesemo@sohu.com,Female,208.41.255.102
818,Shaw,Venners,svennersmp@sohu.com,Female,27.123.134.252
819,Angus,Scrivens,ascrivensmq@census.gov,Female,29.116.131.71
820,Waring,Raddon,wraddonmr@fotki.com,Female,62.217.37.253
821,Roy,Macrow,rmacrowms@eepurl.com,Male,184.140.254.253
822,Lesley,Yakunikov,lyakunikovmt@paypal.com,Female,29.93.86.21
823,Muffin,Stansall,mstansallmu@constantcontact.com,Male,251.2.68.65
824,Isac,Wolverson,iwolversonmv@latimes.com,Male,165.73.127.161
825,Gail,Timcke,gtimckemw@shutterfly.com,Female,117.47.61.2
826,Ramon,Whatman,rwhatmanmx@washingtonpost.com,Female,212.164.140.103
827,Elliot,Belchamber,ebelchambermy@webmd.com,Male,25.7.168.93
828,Maynord,Townsend,mtownsendmz@is.gd,Female,224.54.5.96
829,Benjy,Pollicott,bpollicottn0@newyorker.com,Female,161.199.16.210
830,Timothee,Hamon,thamonn1@rambler.ru,Agender,115.210.236.188
831,Welbie,Emsley,wemsleyn2@devhub.com,Female,54.118.33.99
832,Dionisio,Kalberer,dkalberern3@hhs.gov,Male,56.114.174.62
833,Hildagard,Bromehed,hbromehedn4@plala.or.jp,Female,112.122.105.4
834,Dulcia,McReynolds,dmcreynoldsn5@thetimes.co.uk,Female,161.47.194.163
835,Donnie,Jaye,djayen6@toplist.cz,Female,241.27.50.99
836,Nicolina,Leake,nleaken7@google.nl,Genderfluid,165.173.8.158
837,Lay,Turbat,lturbatn8@nyu.edu,Female,33.115.14.154
838,Hedwiga,Dannehl,hdannehln9@un.org,Female,197.246.101.188
839,Aida,Stonard,astonardna@theguardian.com,Male,79.252.60.239
840,Eustacia,Hyatt,ehyattnb@archive.org,Female,91.142.93.138
841,Gage,McCrackem,gmccrackemnc@a8.net,Female,31.68.149.140
842,Artur,Perrett,aperrettnd@csmonitor.com,Female,9.51.222.172
843,Larisa,Buzza,lbuzzane@netlog.com,Female,144.184.103.47
844,Osborne,Brotherhed,obrotherhednf@chronoengine.com,Female,170.238.42.223
845,Valentine,Le Cornu,vlecornung@nationalgeographic.com,Male,111.135.246.117
846,Donn,Deppen,ddeppennh@netscape.com,Male,82.209.59.180
847,Sammie,Cowen,scowenni@time.com,Female,73.119.223.175
848,Doug,Geerling,dgeerlingnj@cornell.edu,Male,223.202.97.79
849,Durante,Holworth,dholworthnk@baidu.com,Male,229.117.90.233
850,Nert,Biasini,nbiasininl@harvard.edu,Female,124.125.201.100
851,Shepard,Scotti,sscottinm@abc.net.au,Non-binary,7.159.158.79
852,Nellie,D'Aubney,ndaubneynn@php.net,Male,230.244.40.40
853,Reinhard,Lawn,rlawnno@parallels.com,Male,105.183.30.98
854,Donni,Coat,dcoatnp@mlb.com,Male,145.200.54.107
855,Johna,Blunsden,jblunsdennq@usgs.gov,Female,159.114.60.188
856,Adel,Eastridge,aeastridgenr@thetimes.co.uk,Male,19.33.200.171
857,Darn,Hay,dhayns@opensource.org,Female,66.5.4.41
858,Ruddie,Del Monte,rdelmontent@zimbio.com,Male,31.67.122.16
859,Raynard,Endle,rendlenu@spiegel.de,Male,20.116.237.84
860,Virgilio,Hannabuss,vhannabussnv@naver.com,Male,191.230.36.223
861,Donetta,Lamputt,dlamputtnw@census.gov,Female,218.168.115.201
862,Glen,Chorley,gchorleynx@mapy.cz,Male,67.112.229.120
863,Westleigh,Tabary,wtabaryny@youtu.be,Male,70.115.139.126
864,Griffin,Olliff,golliffnz@epa.gov,Male,84.14.146.52
865,Isidor,Wooffinden,iwooffindeno0@themeforest.net,Female,129.22.14.76
866,Danna,Barnewelle,dbarnewelleo1@bravesites.com,Male,121.67.14.53
867,Theodora,Fausch,tfauscho2@mayoclinic.com,Male,31.197.161.58
868,Roanne,Ventris,rventriso3@seattletimes.com,Female,120.63.22.171
869,Tadio,Sancroft,tsancrofto4@mac.com,Female,1.253.126.9
870,Donnajean,Checketts,dcheckettso5@geocities.jp,Male,194.50.176.153
871,Evin,Bradie,ebradieo6@cam.ac.uk,Male,78.152.83.161
872,Berti,Elliot,bellioto7@vinaora.com,Male,176.236.22.43
873,Town,Seydlitz,tseydlitzo8@adobe.com,Female,244.119.229.199
874,Kerr,Pee,kpeeo9@nymag.com,Female,139.80.30.22
875,Michal,Lyndon,mlyndonoa@acquirethisname.com,Male,158.223.2.96
876,Sawyer,Frary,sfraryob@csmonitor.com,Female,141.36.76.90
877,Janette,Coushe,jcousheoc@cnn.com,Male,197.141.250.195
878,Ado,Jardine,ajardineod@netlog.com,Female,83.141.227.46
879,Joel,Spridgen,jspridgenoe@businessweek.com,Male,63.219.95.36
880,Emmi,Pryer,epryerof@i2i.jp,Female,132.92.204.255
881,Monroe,Burburough,mburburoughog@eepurl.com,Male,237.152.208.226
882,Wain,Arnoldi,warnoldioh@addthis.com,Female,7.150.194.187
883,Lolita,Clementucci,lclementuccioi@hatena.ne.jp,Male,77.7.70.19
884,Leona,McGeachie,lmcgeachieoj@nba.com,Female,145.75.190.207
885,Joann,Hugnot,jhugnotok@newsvine.com,Agender,25.249.168.25
886,Herc,Dengel,hdengelol@mozilla.org,Male,229.178.214.65
887,Scotty,O'Scully,soscullyom@ameblo.jp,Female,183.209.161.131
888,Roldan,Waggatt,rwaggatton@ow.ly,Female,81.54.104.192
889,Viviyan,Josifovitz,vjosifovitzoo@newsvine.com,Male,169.252.102.120
890,Mavis,Mc Caughen,mmccaughenop@apache.org,Female,199.232.128.70
891,Althea,Rable,arableoq@homestead.com,Male,206.215.77.42
892,Welch,Baudic,wbaudicor@japanpost.jp,Male,141.220.16.201
893,Clarey,Garton,cgartonos@tripod.com,Male,208.170.137.157
894,Zachery,Dorrell,zdorrellot@comsenz.com,Female,51.183.207.109
895,Rita,Caslin,rcaslinou@4shared.com,Female,171.224.7.134
896,Eachelle,Cubbinelli,ecubbinelliov@mit.edu,Male,162.241.208.236
897,Loretta,Maybery,lmayberyow@ihg.com,Female,5.171.241.68
898,Vachel,Bantock,vbantockox@blogspot.com,Male,87.15.233.4
899,Elliot,Rumgay,erumgayoy@ehow.com,Female,158.10.41.37
900,Demetris,Traill,dtrailloz@ow.ly,Female,50.76.46.100
901,Kala,Crathern,kcrathernp0@mac.com,Male,20.114.158.22
902,Marion,Kopf,mkopfp1@trellian.com,Female,39.96.36.18
903,Dorolice,Shearston,dshearstonp2@jigsy.com,Female,39.130.206.43
904,Vevay,Brace,vbracep3@epa.gov,Male,40.237.169.97
905,Mill,Edgson,medgsonp4@tumblr.com,Male,104.60.44.243
906,Jorey,Danbrook,jdanbrookp5@csmonitor.com,Female,55.81.52.13
907,Marian,Sholem,msholemp6@pbs.org,Female,96.92.130.93
908,Tabb,Hek,thekp7@flickr.com,Female,51.191.167.68
909,Hashim,Opdenorth,hopdenorthp8@yahoo.com,Male,41.182.242.52
910,Gibbie,Bertin,gbertinp9@uiuc.edu,Male,81.214.111.49
911,Marijn,Addison,maddisonpa@businessweek.com,Male,24.159.215.19
912,Julie,Hearon,jhearonpb@cornell.edu,Male,15.39.57.9
913,Eartha,McAndrew,emcandrewpc@google.com.hk,Female,218.127.193.21
914,Xaviera,Brando,xbrandopd@indiatimes.com,Female,86.141.181.238
915,Silas,Danielsson,sdanielssonpe@mapquest.com,Male,67.99.217.242
916,Nels,Crosston,ncrosstonpf@github.com,Agender,160.72.200.250
917,Correy,Thackeray,cthackeraypg@cisco.com,Male,154.230.135.158
918,Karena,Lydiate,klydiateph@gnu.org,Male,76.58.188.200
919,Dorthy,Turbayne,dturbaynepi@freewebs.com,Female,241.4.133.81
920,Caroljean,Bartrop,cbartroppj@desdev.cn,Female,31.29.23.179
921,Mischa,Taggert,mtaggertpk@narod.ru,Female,211.29.197.67
922,Ximenez,Lovelace,xlovelacepl@booking.com,Female,6.166.199.9
923,Rowan,Feldhammer,rfeldhammerpm@amazon.co.jp,Male,142.14.160.168
924,Sally,Davie,sdaviepn@earthlink.net,Male,59.29.143.73
925,Moise,Gissop,mgissoppo@engadget.com,Female,65.118.35.149
926,Janis,Ballance,jballancepp@bbc.co.uk,Bigender,13.138.206.98
927,Kristan,Villar,kvillarpq@clickbank.net,Female,64.120.207.147
928,Mario,Antic,manticpr@reuters.com,Female,82.123.253.108
929,Sal,Simion,ssimionps@adobe.com,Agender,179.109.119.80
930,Georgeta,Petkens,gpetkenspt@marketwatch.com,Male,49.202.152.166
931,Gunilla,Magne,gmagnepu@hatena.ne.jp,Male,134.94.248.160
932,Cart,Faldoe,cfaldoepv@techcrunch.com,Male,137.36.203.85
933,Marleah,Ridolfo,mridolfopw@google.com.br,Male,254.45.40.128
934,Laurianne,Helstrom,lhelstrompx@unesco.org,Female,189.85.66.215
935,Torre,Andrzejowski,tandrzejowskipy@flickr.com,Female,86.128.6.142
936,Lian,Gregolotti,lgregolottipz@berkeley.edu,Male,31.142.89.59
937,Consolata,Dunsmore,cdunsmoreq0@dyndns.org,Female,76.135.28.25
938,Max,O'Carran,mocarranq1@google.nl,Male,165.143.124.234
939,Ivy,Rioch,iriochq2@vimeo.com,Female,182.141.154.8
940,Hamel,Erik,herikq3@spotify.com,Bigender,22.236.56.251
941,Jehanna,Kington,jkingtonq4@wsj.com,Non-binary,137.205.14.114
942,Clementine,Bottle,cbottleq5@sciencedaily.com,Male,195.97.57.255
943,Madelle,Szymanowicz,mszymanowiczq6@pen.io,Male,105.190.155.85
944,Sada,Macura,smacuraq7@adobe.com,Bigender,249.28.98.76
945,Alanna,Grimsell,agrimsellq8@samsung.com,Male,42.14.103.124
946,Mala,Storr,mstorrq9@thetimes.co.uk,Female,30.165.190.181
947,Lukas,Hundell,lhundellqa@biblegateway.com,Male,138.152.195.181
948,Emile,Pastor,epastorqb@liveinternet.ru,Female,88.135.51.47
949,Lilly,Breissan,lbreissanqc@nydailynews.com,Male,161.73.93.145
950,Ethelind,Mabson,emabsonqd@oaic.gov.au,Female,118.97.200.150
951,Dwayne,Ahrenius,dahreniusqe@amazon.co.jp,Male,12.97.92.129
952,Barthel,Stainland,bstainlandqf@java.com,Female,69.219.116.221
953,Karee,Stapels,kstapelsqg@gravatar.com,Male,165.187.36.208
954,Stirling,Ebbers,sebbersqh@princeton.edu,Male,92.77.88.56
955,Cliff,Frusher,cfrusherqi@stanford.edu,Male,138.167.153.128
956,Daisi,Whytock,dwhytockqj@imdb.com,Female,5.223.32.107
957,Fidelia,Petschelt,fpetscheltqk@patch.com,Male,215.112.156.38
958,Elva,Sambles,esamblesql@cisco.com,Female,168.252.128.72
959,Osgood,Babbidge,obabbidgeqm@i2i.jp,Male,82.44.21.161
960,Hilton,Lotherington,hlotheringtonqn@issuu.com,Genderqueer,115.23.214.139
961,Hilliard,Mirando,hmirandoqo@yelp.com,Female,161.84.87.173
962,Andreas,Clapston,aclapstonqp@wunderground.com,Female,198.196.176.144
963,Carlie,Cissen,ccissenqq@bbb.org,Female,67.195.60.121
964,Berton,Goodby,bgoodbyqr@jimdo.com,Female,173.127.252.67
965,Laetitia,Rime,lrimeqs@hexun.com,Male,150.230.148.72
966,Eliza,Bothe,ebotheqt@pinterest.com,Female,95.35.15.114
967,Ariana,Chrestien,achrestienqu@ihg.com,Male,243.214.211.217
968,Bennett,Chelnam,bchelnamqv@hugedomains.com,Genderqueer,42.129.219.1
969,Dorri,Antoniak,dantoniakqw@apache.org,Female,169.157.109.7
970,Thayne,Seeking,tseekingqx@hexun.com,Polygender,154.244.122.239
971,Peirce,Latour,platourqy@shinystat.com,Female,126.246.184.207
972,Christoper,Peracco,cperaccoqz@irs.gov,Male,34.11.232.75
973,Rem,Gun,rgunr0@vistaprint.com,Male,146.35.224.24
974,Bernadine,Dolden,bdoldenr1@themeforest.net,Male,9.227.102.83
975,Almira,Tailour,atailourr2@simplemachines.org,Male,92.127.245.49
976,Moses,Borres,mborresr3@marriott.com,Male,132.143.240.88
977,Barbabas,Dyne,bdyner4@lycos.com,Male,187.129.113.145
978,Margy,Challis,mchallisr5@mozilla.org,Male,89.97.57.134
979,Jacquenetta,Coupland,jcouplandr6@dailymail.co.uk,Male,227.66.128.169
980,Mateo,Whitelaw,mwhitelawr7@exblog.jp,Female,56.172.38.37
981,Sherline,Bahde,sbahder8@omniture.com,Male,54.95.111.179
982,Mohandis,Laba,mlabar9@ca.gov,Female,181.69.159.119
983,Darryl,Pettit,dpettitra@aol.com,Female,150.226.88.54
984,Denni,Manlow,dmanlowrb@oaic.gov.au,Female,22.41.152.206
985,Lurleen,Kilmurray,lkilmurrayrc@quantcast.com,Female,199.135.12.14
986,Kissee,Biddiss,kbiddissrd@accuweather.com,Female,0.10.161.212
987,Chad,Crothers,ccrothersre@quantcast.com,Female,169.108.213.32
988,Erika,Jessup,ejessuprf@tmall.com,Female,161.214.83.43
989,Perri,Tiron,ptironrg@networksolutions.com,Female,220.71.241.53
990,Rollins,Niche,rnicherh@spiegel.de,Male,138.43.76.214
991,Walther,Grandisson,wgrandissonri@qq.com,Polygender,128.80.205.70
992,Demetri,Stimson,dstimsonrj@mozilla.org,Male,231.124.229.161
993,Arielle,Keer,akeerrk@tripadvisor.com,Female,42.158.148.173
994,Mollee,Goldson,mgoldsonrl@symantec.com,Male,69.54.212.163
995,Conn,Canfield,ccanfieldrm@arizona.edu,Female,5.244.40.23
996,Bobby,Sneaker,bsneakerrn@baidu.com,Male,224.176.250.103
997,Allard,Dzeniskevich,adzeniskevichro@purevolume.com,Male,49.68.190.124
998,Daisie,Iliffe,dilifferp@newyorker.com,Bigender,180.116.99.202
999,Tadeas,Gwyllt,tgwylltrq@ebay.co.uk,Male,8.231.69.169
1000,Cyrill,Ruslinge,cruslingerr@goodreads.com,Male,183.203.65.55
